firstname,lastname,birthdate
Clerc,Linfield,04-01-1994
Ora,Larraway,05-04-1979
Jamison,Caplan,23-05-1981
Renaud,Ravenscroft,27-10-1984
Sherie,Aslett,11-12-1975
Elwira,Emmison,23-04-1966
Teresina,Buy,20-07-1995
Jonie,Godby,01-03-1982
Karie,Gouge,09-01-1983
Leigh,Laurie,01-12-1990
Leia,Mingauld,21-12-1995
Darlleen,Welbourn,25-09-1969
Cordie,Wynrahame,24-06-2000
Cello,Weiner,21-12-1973
Amata,Emlyn,21-05-2000
Brendin,Babonau,12-10-1965
Freddi,Whistance,28-11-1997
Vera,MacEntee,05-01-1990
Mathias,Ciobutaru,23-08-1964
Pier,Gillopp,27-04-1994
Pippy,Richold,05-10-1993
Georgina,Tant,12-12-1988
Madlen,Keller,23-09-1979
Biddie,De La Hay,11-08-1966
Mathe,Archibald,05-07-1978
Jodi,Crolly,14-04-1974
Avrom,Hankins,11-05-1977
Marjorie,Studart,19-02-1981
Merrel,Corzon,30-11-1994
Joice,Gamlen,14-11-1970
Lotty,Blacklock,29-05-1987
Harlene,O'Canavan,27-12-1974
Elianore,Jurgensen,17-06-1969
Rowney,Ducker,22-11-1996
Akim,Camillo,10-04-1973
Shaine,Connechie,28-12-1979
Ara,Tasker,15-09-1969
Temple,Hughf,23-03-1979
Amalia,Ledrun,21-02-1984
Katherine,Marshland,03-07-1990
Helena,Menlow,07-06-1969
Charity,Benardeau,22-12-1996
Selie,People,01-03-1996
Shaun,Skeel,27-05-1981
Oren,Kidds,14-05-1964
Philip,Bedenham,10-05-2000
Efrem,Learmount,01-04-1979
Benji,Johannes,04-08-1970
Daphne,McGinnell,15-07-1978
Candy,Indge,27-11-1964
Gus,Thompson,05-06-1982
Lauraine,Liddard,22-05-1970
Sacha,De Blasi,30-05-1964
Frances,Scintsbury,30-01-1964
Arnold,Carnall,11-07-1999
Domenic,Hallewell,30-11-1998
Doti,Cyples,23-07-1990
Delphine,Acom,06-07-1999
Mollie,Piken,16-11-1982
Dorolice,Stranahan,18-09-1992
Rodrique,Emma,10-04-1987
Karon,Tilliards,21-01-1981
Denise,Jerrom,22-01-1961
Morris,Dunmore,12-10-1982
Richie,Keuning,16-11-1978
Ulric,Gwyther,02-09-1999
Lindsay,Hugues,16-07-1980
Alfred,Petrazzi,09-01-1987
Phip,Phython,17-04-1998
Warren,Wasmuth,13-10-1985
Melitta,Hentzeler,18-05-1971
Felita,MacGeaney,01-09-1975
Bernadene,Traite,06-07-1988
Rosalyn,Hearnden,10-02-1969
Malvina,Churchill,12-02-1966
Hortense,Fyrth,05-03-1963
Lambert,Beaney,18-10-1965
Grazia,Mitchell,03-07-2000
Jolyn,Mityakov,05-12-1999
Even,Getcliff,25-12-1982
Latrina,Skerratt,12-04-1997
Garth,Hoult,22-05-1982
Camila,Vassbender,18-09-1977
Jarid,Borwick,03-12-1992
Niels,Hanselmann,02-11-1998
Linnie,Last,27-02-1980
Daron,McPolin,10-02-1995
Ladonna,Jindacek,06-08-1967
Maynard,Kuller,18-06-1996
Haywood,Silcock,12-07-1961
Ole,Lanfranchi,25-09-1971
Caryl,Cantrill,19-09-1966
Roderich,Haggarty,19-06-1978
Waylon,Royans,13-11-1989
Christean,Piller,25-08-1984
Melonie,St. Louis,26-02-1973
Gabrila,Sparshett,21-03-1988
Bathsheba,Morden,14-05-1992
Demetrius,Heynel,19-09-1980
Mic,Withinshaw,23-06-1978
Bobbi,Sloss,29-11-1971
Catherin,Ianittello,09-11-1984
Moe,Wingate,12-12-1975
Lindsy,Bozward,20-12-1996
Valentia,Jewitt,04-06-1963
Quent,Dodgshon,14-06-1988
Timi,Dwerryhouse,14-11-1976
Karlik,Starkings,28-02-1975
Ruby,Lockyer,20-11-1975
Dore,Downe,07-05-1996
Chlo,Metson,26-03-1994
Ailee,Grealey,20-05-1989
Elysia,Boulds,25-01-1967
Stillman,Gresswood,10-11-1995
Galen,Luxmoore,17-09-1978
Gwenny,Hedger,02-06-1969
Tudor,Vyel,21-02-1968
Crystie,Prettyjohn,16-06-1996
Joelie,Eglese,06-08-1991
Daile,Ivakin,06-04-1983
Gretal,Wadeson,10-04-1976
Etheline,Ellcock,24-02-1983
Buck,O'Neal,20-03-1980
Randi,Crowcher,22-03-1977
Mitch,Vereker,22-08-1963
Abbe,Galgey,02-06-1983
Bernadette,Pasticznyk,01-07-1970
Brodie,Lowton,31-08-1985
Betsey,Swaton,17-06-1981
Linus,Flucker,23-01-1962
Howey,Geffe,24-09-1989
Stanislaw,MacCosty,22-06-1995
Juieta,McGowing,03-03-1996
Cristie,Bullen,18-09-1976
Maynard,Medwell,24-01-1961
Laura,Asee,17-01-1982
Staci,Westoll,23-12-1999
Kerrin,Langridge,17-10-1990
Frederik,Edwardes,03-01-2000
Mady,Vassbender,15-07-1965
Kelwin,Warrilow,07-02-1964
Damara,Melley,03-12-1962
Kessiah,Lerhinan,05-03-1972
Georgeanne,Clevely,05-08-1974
Lisha,O'Deoran,06-10-1977
Nollie,Krishtopaittis,06-12-1983
Jan,Vonasek,13-11-1995
Elliott,Bouchard,13-03-1987
Iormina,Sirl,24-02-1990
Staford,Beevors,12-01-1969
Van,Cattel,16-06-1997
Ebony,Ivanilov,24-04-1980
Morry,Ilyin,15-03-2000
Way,Teligin,21-03-1967
Eleanor,Ferebee,01-08-1997
Linnie,Beel,10-06-1992
Josy,Lober,21-01-1989
Kirstin,Bugdall,21-05-1995
Pearle,Gueny,04-12-1987
Meredith,Withrington,21-07-1977
Alli,Frango,15-12-1969
Jared,TRUE,14-04-1997
Sheffy,Berfoot,28-03-1994
Gertie,Exall,12-01-1961
Darwin,Fasse,16-05-1985
Cori,Crallan,15-02-1983
Marabel,Crayk,28-01-1973
Isaak,Schwaiger,01-05-1976
Toby,Canape,05-03-1969
Adam,Fielding,08-01-2000
Kristel,Andrick,26-09-1967
Artemas,Goundry,13-04-1965
Fanchette,Riepl,16-11-1990
Hally,Van Der Vlies,17-05-1967
Redford,Goldsack,27-06-1992
Berrie,Prate,21-09-1982
Bonni,Kenny,21-10-1993
Rafael,Lujan,11-06-1990
Lodovico,Fordham,15-11-1999
Brok,Caldow,23-04-1982
Olva,Izkovitz,14-02-1977
Freda,Cantero,31-03-1988
Sunshine,Emmanuel,09-10-1987
Patrice,Stiles,05-08-1989
Lynnett,Petrol,10-04-1994
Eada,Peto,16-09-1988
Steven,Mobius,06-09-1969
Zerk,Bittany,07-10-1980
Kirby,Crowson,03-02-1975
Willabella,Yielding,04-03-1963
Cathrin,Djurdjevic,05-03-1999
Belia,MacGuigan,22-06-1968
Laural,Saltern,18-11-1982
Valdemar,O'Geaney,04-10-1982
Scarlett,Meijer,22-04-1992
Murvyn,Struttman,19-10-1962
Karia,Galpin,03-06-1996
Susette,Houlson,03-08-1980
Helaina,Hawyes,21-05-1962
Kaleena,Dray,05-05-1983
Dud,Crankshaw,23-01-1974
Guinna,Ohrt,29-07-1981
Isabella,Yerrill,11-06-1969
Bryanty,Seyler,02-12-1992
Conroy,Diloway,05-05-1996
Evyn,Stollmeyer,23-04-1995
Aryn,Zavittieri,19-02-1976
Derek,Martini,28-04-1991
Ivan,Prevost,13-12-1962
Booth,Danielkiewicz,20-10-1968
Dolph,Filov,16-07-2000
Susannah,O'Kinedy,29-10-1998
Cissiee,Spilsburie,19-07-1971
Nikki,Karby,21-04-1968
Diego,Rosenwald,22-11-1991
Murdock,Trillo,08-02-1974
Marketa,Cappel,03-05-1962
Gibb,Casson,24-06-1990
Howie,Doram,22-07-1963
Sadye,Danilchik,30-08-1962
Jolee,Galway,25-11-1986
Guillaume,Helix,07-05-1967
Fredek,Srawley,13-11-1994
Oralle,Knowller,22-09-1979
Luciana,Plante,21-12-1971
Staci,Sebire,06-06-1987
Burnaby,Keyson,12-10-1968
Lorant,Morphet,05-01-1998
Larry,Hughes,16-01-1967
Margaret,Dellit,09-06-1988
Issy,Tripet,25-11-1989
Christos,Sante,22-10-1995
Monro,Turk,07-07-1977
Joana,Sherr,25-11-1995
Angus,Mereweather,17-10-1999
Carlye,Heugel,05-11-1976
Whitaker,Rodway,25-06-1971
Tandi,Found,29-09-1985
Murdock,Moxstead,21-10-1976
Ronni,McIvor,23-09-1985
Chrissy,Haldon,21-07-1967
Deeyn,Vasyutochkin,02-06-1970
Jessalin,Gobourn,20-06-1970
Corabel,Abendroth,13-09-1965
Robina,Bateman,22-08-1975
Carroll,Ebdin,07-03-1996
Livy,Tickner,21-10-1967
Emma,Craine,14-05-1963
Hansiain,Humphery,18-03-1989
Raffarty,Scoyne,15-06-1988
Shoshana,Lightoller,03-02-1996
Joyous,Francesch,07-10-1971
Ervin,Ridges,22-12-1962
Joelly,Barwood,02-10-1976
Dalis,Trenam,28-02-1997
Pooh,MacAvaddy,02-06-1973
Thedrick,Islep,15-09-1980
Annadiana,Boulder,15-12-1991
Shir,Broschke,29-06-1986
Anni,Sisson,26-02-1978
Artair,Leckey,19-02-1966
Zorina,McNirlan,28-07-1993
Trey,Wilbraham,18-10-1986
Phylys,Ewing,25-09-1972
Lonny,Guyonneau,12-09-1981
Hilary,Vanni,15-03-1984
Mitzi,Pobjoy,05-11-1996
Danella,Corpe,01-08-1999
Tades,Howsan,22-03-1982
Alisha,Goodinson,28-05-1983
Essy,Lynam,10-02-1970
Isidoro,Hague,25-12-1972
Max,Denziloe,02-01-1976
Gertrude,Courteney,05-03-1980
Jerrine,Bartolini,15-09-1985
Lulita,Fairlem,01-07-1979
Baldwin,Whitrod,13-05-1995
Franklin,Rowly,22-02-1989
Kristos,Orritt,13-11-1973
Ilene,Jaram,19-07-1965
Franky,Hendron,06-01-1967
Aurilia,Rainford,23-06-1982
Jonathon,Creese,29-11-1975
Jojo,de Copeman,28-02-1976
Caddric,Lewsey,03-08-1977
Emalee,Plaid,04-02-1986
Ingemar,Capstack,16-11-2000
Pascale,Varden,01-06-1991
Shurlock,Whitby,01-01-1966
Tiphany,Hansod,17-04-1974
Stafani,Leeming,12-02-1990
Payton,De Lorenzo,12-02-1982
Hoebart,Trattles,01-11-1990
Morganne,Croughan,10-02-1989
Brad,Galero,21-10-1975
Miguela,Weems,24-03-1997
Ariella,Passby,24-01-1967
Janna,Camilleri,21-10-1992
Marybeth,Gatward,28-12-1965
Donalt,Ruberti,08-03-1992
Neille,Gonoude,18-10-1984
Quintus,Menichino,11-03-1994
Allan,Caley,24-07-1992
Mace,Ivel,29-04-1999
Whitby,Maplesden,14-07-1989
Ariella,Emanuele,17-05-1996
Trudie,Lukins,26-09-1969
Roxy,Seakings,05-12-1971
Elsey,Kirtley,10-03-1994
Pincas,Isgar,21-01-1993
Noreen,Riccione,17-11-1969
Dalli,Storrar,21-02-1994
Ilaire,Rutherforth,03-05-1984
Drud,Gomer,30-01-1980
Franzen,Pipping,24-04-1961
Barby,Alphege,01-10-1996
Ambur,O'Sharry,02-05-1977
Mikkel,Smickle,17-08-1966
Nico,Ramm,19-05-1991
Callie,Howsan,11-07-1982
Cassie,Mowlam,24-09-1982
Jennette,Walley,06-08-1986
Liv,Hawksby,04-08-1975
Ree,Ney,15-04-1966
Willi,Rameaux,08-02-1980
Mady,Ogers,21-01-1997
Bridie,McVaugh,16-06-1970
Verina,Malatalant,07-03-1987
Veronika,Goymer,29-06-1978
Scott,Bernaciak,15-04-1994
Kennedy,Oager,29-03-1964
Noni,Tern,08-04-1980
Natala,Umfrey,12-04-1973
Rolf,Petre,06-12-1995
Alethea,Chidgey,31-07-1988
Gaylord,Howsden,03-11-1967
Lorens,Seawell,06-05-1995
Tobe,Verman,11-10-1972
Nessi,Allworthy,05-05-1982
Annamaria,Nesbit,08-09-1997
Abagael,Giercke,25-03-1978
Ferris,Ivankin,21-07-1992
Renaud,Bertl,16-10-1992
Napoleon,Rickert,11-11-1973
Iona,Fitchew,28-04-2000
Katharine,Painter,26-07-1997
Domenic,Decent,21-02-1969
Adriena,Clifford,16-05-1991
Pru,Gaywood,16-04-1978
Millie,Halesworth,17-06-1978
Kelley,Breit,14-04-1962
Halley,Waggitt,28-12-1960
Solomon,Tootal,10-09-1996
Nicola,Rizzardo,20-07-1995
Kerrie,Goseling,04-03-1961
Rozella,Farens,18-09-1968
Alard,Bodleigh,09-01-1997
Tucker,Castana,25-10-1997
Grove,Remnant,19-04-1998
Stillmann,Chater,24-03-1978
Rafaelita,Skoof,08-04-1997
Vale,Rolfi,28-01-1999
James,Burgan,11-12-1965
Ann,Kenner,28-02-1975
Perri,Alltimes,29-03-1992
Virgilio,Carson,16-01-1997
Gilburt,Vasyanin,27-09-1981
Matias,Strothers,09-12-1977
Clifford,Ourtic,18-03-1985
Bev,Pockett,04-02-1993
Jayne,Shardlow,09-12-1996
Josh,Benford,08-03-1992
Sofia,Pinar,19-11-1976
Rici,Elfe,09-12-1996
Lotte,Moroney,20-11-1988
Irwinn,Harteley,18-07-1969
Sophey,Lyddyard,05-08-1963
Sheeree,Biffin,24-06-1985
See,Varker,08-07-1989
Karalynn,Galego,11-12-1970
Antonino,Corbin,23-03-1992
Seana,Sutter,01-10-1990
Hobey,Chell,08-04-1978
Merle,Marjot,24-10-1999
Early,Whicher,20-12-1984
Der,Jacklings,19-04-1989
Cori,Taggett,24-12-1962
Allis,Chastelain,01-05-1979
Thayne,Gallety,25-06-1970
Keenan,Turnell,24-11-1968
Cobbie,Scoterbosh,06-12-1964
Nike,Salzen,27-03-1975
Fons,Rochelle,17-06-1961
Trudy,Storah,24-05-1997
Florie,Donalson,24-07-1969
Norene,Robb,03-03-1979
Sid,Slyford,19-11-1978
Waldemar,Kubec,14-04-1999
Ashley,Boatright,21-04-1975
Doralynne,Plinck,09-06-1990
Adrian,Tilsley,23-03-1987
Porty,Norridge,22-03-1978
Winifield,Endrighi,30-06-1970
Sheffie,Belton,10-07-1999
Georgy,Van de Castele,05-04-1967
Enrika,Mc Queen,18-02-1995
Holly,St Quenin,10-02-1970
Travis,Sill,03-03-1966
Hiram,Cranmor,15-10-1962
Christine,Moules,08-07-1971
Ian,Olenichev,23-01-1995
Mar,Girard,22-12-1960
Belicia,Benley,06-02-1962
Dionne,Moat,26-10-1974
Madelin,Norvill,20-09-1968
Mylo,Eacott,18-04-1987
Loydie,Guyon,27-09-1961
Appolonia,Chorlton,21-05-1975
Alastair,Hailes,23-12-1984
Cate,Wessel,09-12-1999
Gillian,Mulliner,07-07-1990
Sergei,Crankshaw,05-11-1974
Amory,Soggee,22-06-2000
Buddie,Freathy,07-12-1976
Ignacio,Madgwick,26-09-1995
Wayne,Layborn,08-09-1999
Hinda,Cupper,17-01-1987
Bernard,Corsar,09-03-1988
Sonnie,Seczyk,25-01-1980
Jody,McKue,30-07-1985
Corby,Messenbird,12-10-1999
Royal,Teodorski,06-07-1994
Gerri,Wesker,06-09-1962
Hugues,Moreman,03-05-1974
Celka,Dunnet,01-12-1969
Huntlee,D'Cruze,22-10-1982
Lazarus,Manass,15-10-1992
Vivyanne,Cotterrill,29-12-1984
Clementine,Willder,08-01-1992
Brena,Brocking,05-02-1993
Gavrielle,Arrigucci,24-07-2000
Pattie,Seaborn,26-02-1974
Holly,Oganesian,26-06-1982
Rolland,Bapty,22-11-1973
Berrie,Brion,07-12-1983
Andrey,Canepe,13-09-1976
Marylin,Heritege,30-07-1984
Curtis,MacBean,08-08-1968
Malvina,Howlin,14-06-1997
Porter,Lintill,05-03-1981
Genovera,Ribbon,10-03-1985
Ingar,Peidro,04-06-1991
Andee,Richt,02-10-1988
Chancey,Piercy,11-12-1987
Sumner,Lightbown,18-03-1969
Quintina,Massard,07-11-1993
Collen,Lewson,25-02-1961
Roger,Eggins,11-09-1975
Kurt,Seppey,15-06-1979
Vinnie,Wimes,03-10-1970
Diahann,Altimas,21-04-2000
Liam,Monelli,10-12-1971
Vernor,Whitehurst,26-01-1978
Leora,Thoma,16-02-1968
Monti,Retallick,11-08-1999
Alicea,Muff,20-11-1978
Killy,Laughlin,24-02-1974
Latisha,D'Ambrosi,11-09-1983
Shalne,Harlett,29-05-1990
Cyndie,Gerraty,11-08-1982
Isak,Antoniewski,03-07-1998
Ichabod,Senecaut,13-05-1965
Bernice,Stud,20-09-1968
Alice,Surmeyers,15-08-1993
Agosto,Conaboy,19-09-1961
Jephthah,Janous,09-07-1967
Renie,Twelvetrees,05-11-1994
Raimund,Schubert,09-05-1964
Auberon,Pullar,22-03-1972
Julita,Tolemache,03-05-1987
Issie,Bodycomb,29-12-1981
Corey,Spray,21-11-1977
Marie-jeanne,Sales,25-10-1998
Grete,Claricoats,19-01-1997
Loraine,Balaam,13-08-1985
Bernadene,Paulino,16-04-1984
Derrick,Arrighini,20-06-1979
Roberta,Macak,17-07-1967
Goldi,Rillstone,20-04-1995
Lulita,Blumsom,28-08-1985
Guss,Longfellow,12-12-1972
Romain,Charlwood,17-02-1971
Selie,Leyninye,04-01-1985
Kiah,Grovier,21-05-1995
Herta,Yosselevitch,21-03-1972
Loree,Jeandel,30-07-1996
Britteny,Giovannoni,19-08-1985
Gussy,Braidford,05-07-1974
Leelah,Hartley,27-11-1986
Fern,Offell,18-07-1980