title,duration,release_year,id_director
Half Baked,65.96,11-12-1965,19
Mysterious Mr. Moto,112.78,18-12-2017,10
Ladyhawke,96.75,30-07-2006,33
"Boss of It All, The (Direktøren for det hele)",119.94,10-10-1985,57
Vantage Point,102.45,01-06-1968,77
I Want to Look Like That Guy,118.49,16-02-1971,48
"Sweetest Thing, The",157.91,03-03-2016,91
Devil in a Blue Dress,66.22,03-08-1971,24
Unknown White Male,106.31,30-05-1986,55
Cornered,144.33,03-08-2022,56
"Thick-Walled Room, The (Kabe atsuki heya)",131.67,05-02-1994,30
Karan Arjun,132.94,05-05-1983,99
Love at First Bite,80.99,31-12-1980,97
First on the Moon (Pervye na Lune),93.6,02-11-1993,39
Cinematographer Style,154.98,18-04-1973,80
Suzy,170.13,28-09-1966,72
Tell Them Anything You Want: A Portrait of Maurice Sendak,114.72,02-01-1989,60
How to Stop Being a Loser,68.59,10-03-2004,60
Where Sleeping Dogs Lie,60.85,21-04-2014,50
Trancers II,70.79,26-08-1996,40
Children of Men,69.97,13-03-2003,64
Seven Angry Men,170.12,20-03-2013,56
Batman: Year One,103.1,23-12-1984,64
Lamerica,108.74,24-05-2016,51
"Journey, The",85.42,26-12-2014,5
Saving Mr. Banks,106.96,08-12-2008,44
Trader Games (Krach),176.41,28-12-1977,88
Sleeping Beauty,154.69,08-02-1965,8
Brushfires,139.28,13-05-1999,84
"Master, The (Huang Fei Hong jiu er zhi long xing tian xia)",154.57,20-06-2009,29
"Nun's Story, The",132.19,15-08-1971,15
Dead Bang,108.91,28-04-1962,99
Late Spring (Banshun),141.92,15-08-2018,54
Camp Nowhere,60.18,10-11-2012,69
"City of Your Final Destination, The",96.5,24-06-1961,58
Signs & Wonders,116.89,17-11-1964,45
Dead Men Walk,135.35,26-02-2008,60
Angel Dog,98.26,23-04-2023,60
300: Rise of an Empire,135.25,01-04-1981,82
Tangled Ever After,118.53,30-11-2004,13
Crawlspace,158.42,17-09-1968,42
Endurance,157.69,07-08-2023,63
Paradise,173.62,03-01-1994,60
Road Games (a.k.a. Roadgames),188.18,13-02-2015,45
"Apartment, The",91.15,04-08-1994,9
Downhill,98.29,06-01-2017,12
Miracle,175.92,21-07-1990,98
Forgetting the Girl,144.65,03-01-1998,23
Psycho,118.96,05-04-1981,75
Trespass,81.74,19-01-1979,99
Trench Road (Juoksuhaudantie),165.09,03-03-1974,12
And the Band Played On,69.49,12-08-1979,74
Congorama,126.2,02-01-2005,67
He Knows You're Alone (a.k.a. Blood Wedding),144.24,13-11-2018,57
"Tom, Dick and Harry",78.27,31-03-2001,33
Stranger than Fiction,144.69,25-06-1986,62
"Ninja, A Band of Assassins (Shinobi No Mono)",174.08,12-10-2004,8
It's a Boy Girl Thing,108.13,02-09-1989,35
Stealing a Nation,61.94,31-03-1971,13
"Bridge, The (Most)",86.24,10-03-2001,59
Devil's Doorway,104.11,26-01-2004,45
"Debt, The",175.25,19-08-1993,30
Marnie,183.22,23-01-2023,20
Don't Drink the Water,124.46,01-08-1964,62
September,179.82,15-06-1991,25
"View to a Kill, A",161.73,27-07-1982,63
"After Fall, Winter",62.32,03-07-1978,57
Divine Secrets of the Ya-Ya Sisterhood,166.97,18-06-1980,59
The Brave Little Toaster Goes to Mars,166.54,16-06-2013,10
Sound of My Voice,145.41,08-03-1984,30
Swing Shift,187.47,23-01-1964,76
"Englishman in New York, An",118.66,15-07-1963,47
"You, Me and Dupree",151.21,27-08-2011,11
Tom Sawyer,162.53,22-10-1997,83
Surplus: Terrorized Into Being Consumers,178.35,24-07-2003,58
Love,88.74,31-03-1978,71
Salesman,89.98,09-03-2011,95
Sweet Bird of Youth,185.95,30-12-1988,81
Colt 38 Special Squad,87.8,23-02-1967,41
Suicide Kings,83.99,15-06-2006,16
Billy Madison,86.46,22-10-1986,85
Search for the Beast,178.84,21-01-1975,96
"Blood Beast Terror, The",185.1,09-03-1997,100
Shameless (Maskeblomstfamilien ),119.05,12-06-2022,54
"Deadly Trap, The (La maison sous les arbres)",69.24,27-11-2005,30
"Adventures of Mark Twain, The",127.5,09-09-2009,80
Gentleman's Agreement,128.96,06-04-1985,21
In Search of the Castaways,67.64,22-08-1978,20
Red Doors,145.11,11-09-2014,83
Divine Madness!,111.88,28-12-2022,91
Ghost Dad,152.91,02-05-1965,19
"Cool School, The",122.06,20-03-2000,27
Citizen Dog (Mah nakorn),85.45,27-01-2012,16
Joint Security Area (Gongdong gyeongbi guyeok JSA),165.64,23-08-2022,89
"World of Suzie Wong, The",96.84,12-04-2004,9
Dr. Gillespie's New Assistant,128.78,08-10-1976,45
Wetherby,99.09,24-11-1971,81
Arnulf Rainer,86.82,18-02-1997,77
Nude for Satan (Nuda per Satana),70.95,10-01-1961,58
Fading Gigolo,112.75,10-02-2000,21
"3 Rooms of Melancholia, The (Melancholian 3 huonetta)",166.89,01-10-1968,61
Afterwards,81.39,20-10-2009,32
Hatchet,158.8,12-01-2010,85
"Crawling Eye, The (a.k.a. Trollenberg Terror, The)",120.53,02-10-2021,82
Thunderbirds Are GO,125.01,25-08-2020,69
Bitter Creek,68.56,11-01-1999,84
"Masquerade (Gwanghai, Wangyidoen namja)",144.71,03-09-2018,30
Justice League: Crisis on Two Earths,174.89,23-11-1968,25
She's the One,82.98,31-03-2013,31
Ernest Rides Again,86.47,16-08-1984,56
Marwencol,175.92,23-04-2019,88
Good Hair,81.56,30-06-1984,17
Reflections in a Golden Eye,140.4,24-01-2005,40
Agatha Christie's 'Ten Little Indians' (Ten Little Indians) (And Then There Were None),112.18,29-06-1964,23
Crash,126.54,02-03-1969,32
Dirty Pretty Things,69.38,15-05-1971,67
Foolish Wives,112.9,24-04-1991,63
Where the Road Meets the Sun,133.55,26-02-1961,89
Jug Face,146.26,01-07-1963,34
"Night the Lights Went Out in Georgia, The",90.43,03-09-2001,73
Beverly Hills Cop III,144.86,09-04-1994,64
The Last Shark,86.43,12-09-2018,96
"In-Laws, The",85.58,04-09-1995,63
Little Ashes,109.06,25-12-2018,40
They Drive by Night,118.3,29-08-1990,59
Rebirth of Mothra,172.51,15-03-1997,77
Stuart: A Life Backward,153.36,28-09-2009,23
Sarah Silverman: Jesus Is Magic,164.2,12-06-1973,72
Samson and Delilah,86.05,13-09-1992,99
Land of the Pharaohs,183.56,11-05-1967,35
Tension,185.13,10-05-1969,78
Expired,186.73,18-04-1983,97
Wrong Turn 2: Dead End,85.5,28-09-1985,43
The Last Round,165.2,15-06-2012,35
"Champ, The",174.53,02-09-2020,54
"Liar, The (Valehtelija)",145.4,25-04-1994,33
Bela Kiss: Prologue,75.11,20-10-1992,48
"Better Tomorrow III: Love and Death in Saigon, A",102.0,22-01-1986,34
Sleepover,88.44,06-06-2011,33
"Rules of the Game, The (La règle du jeu)",80.79,19-05-1987,78
The Spectacular Now,66.68,21-09-1968,64
My Little Pony: Equestria Girls,147.1,26-11-2018,86
Everything About Mustafa (Mustafa hakkinda hersey),148.09,14-01-2015,43
"Taira Clan Saga, The (Shin heike monogatari)",137.23,13-06-1972,62
"Return of the Living Dead, The",109.19,30-11-1981,84
"Letter, The",184.87,16-02-2000,48
"American Astronaut, The",151.27,08-11-1982,44
Season of the Witch (Hungry Wives) (Jack's Wife),186.1,15-08-2015,6
Lone Wolf McQuade,128.55,02-08-1995,36
"I, Cesar (Moi César, 10 ans 1/2, 1m39)",155.03,26-05-1970,18
Let's Be Cops,139.61,11-06-2004,18
Stray Dogs (Sag-haye velgard),174.76,25-11-2016,48
Teen Spirit,104.04,25-07-1991,3
"Judge, The",80.44,10-10-1998,48
"Duck, You Sucker (a.k.a. Fistful of Dynamite, A) (Giù la testa)",82.08,11-08-1984,21
Feeling Minnesota,186.43,10-02-1977,31
Charlie Chan in Rio,69.92,15-04-1964,15
Escape to Athena,118.06,28-07-2006,27
Waiting...,83.74,21-04-2019,55
Unraveled,64.73,22-09-1981,41
Undisputed III: Redemption,147.8,08-08-1977,37
Rulers of the City,189.92,10-06-2004,78
Night Train,143.71,11-01-2004,84
While You Were Sleeping,74.13,05-06-1994,78
Justice League: The New Frontier,89.99,11-10-2006,16
Girl 27,82.98,25-01-2013,33
Win/win,118.8,21-05-1962,95
Kiss and Make-Up,168.04,16-10-1999,75
Dancing at the Blue Iguana,130.28,28-04-2008,42
The Gardener,107.26,06-02-2013,67
"White Dwarf, The (Valkoinen kääpiö)",87.44,24-04-2009,90
Lan Yu,185.89,08-05-2004,63
Flash Gordon's Trip to Mars,84.33,19-03-2015,73
"Hurt Locker, The",94.62,28-06-2018,46
Nadja,89.37,17-02-1967,93
G.I. Joe: The Revenge of Cobra,154.15,18-09-2016,84
Doppelganger,158.03,25-03-1967,62
Babar The Movie,121.56,22-04-1984,78
"Substitute, The",189.86,24-07-2015,85
Once Upon a Time in China III (Wong Fei-hung tsi sam: Siwong tsangba),67.98,19-01-2016,98
"Girl Cut in Two, The (Fille coupée en deux, La)",173.87,05-04-1962,68
Chance Pe Dance,154.2,05-07-1987,17
Island,87.17,10-05-2021,76
Chappie,65.61,12-10-1998,40
Drop Zone,120.26,13-04-1982,64
Stolen,156.5,21-09-1968,46
"Cell, The",171.82,15-12-1984,32
"Sin of Madelon Claudet, The",61.64,26-04-2004,45
Yellow Sky,113.04,26-10-1976,7
Reparando,98.47,04-08-2008,7
Daughters of the Dust,179.73,26-01-2020,39
My Mom's New Boyfriend,126.08,05-07-1982,100
Boris and Natasha,110.25,31-07-1963,2
Secret Honor,138.91,26-06-2003,51
"Prince and the Pauper, The",74.25,16-06-1987,91
It's Impossible to Learn to Plow by Reading Books,117.84,19-01-1961,74
Katze im Sack,121.83,25-08-2016,30
"Human Condition III, The (Ningen no joken III)",104.42,28-04-1977,63
"Shamrock Handicap, The",76.23,02-08-1962,37
Plot of Fear,141.65,03-06-1977,79
Glasses (Megane),74.2,24-10-1980,40
What Lies Beneath,89.93,28-02-1991,84
The Princess Comes Across,73.36,17-10-1962,12
Coming Home (Gui lai),80.37,20-08-1981,22
"Man Who Sleeps, The (Un homme qui dort)",125.21,28-06-1970,92
Philadelphia Experiment II,95.99,18-08-2019,34
A Phantasy,168.9,15-02-1999,42
Romantics Anonymous (Les émotifs anonymes),64.48,15-03-2017,43
Curtis's Charm,113.79,28-02-1971,12
"Late Mathias Pascal, The (a.k.a. The Living Dead Man) (Feu Mathias Pascal)",137.33,10-06-2008,63
Modify,92.66,18-03-2011,60
Something from Nothing: The Art of Rap,120.37,26-04-1974,26
My Son John,124.36,06-06-2007,39
Handsome Harry,165.68,31-01-2005,53
"Storm Warriors, The (Fung wan II)",90.87,09-12-1988,36
Cry 'Havoc',65.61,14-02-1994,96
H.H. Holmes: America's First Serial Killer,184.78,16-08-2008,57
Powder Room,185.21,27-10-1996,21
Zatoichi's Vengeance (Zatôichi no uta ga kikoeru) (Zatôichi 13),145.7,15-01-2009,74
Alone with Her,176.22,25-08-2014,48
Confessions of a Superhero,170.08,21-10-1994,76
Ain't in It for My Health: A Film About Levon Helm,155.02,04-07-2016,93
50 First Dates,171.68,19-02-1986,75
Korso,128.68,21-10-2021,87
"Stolen Children (Ladro di bambini, Il)",73.82,12-01-2002,55
Edge of Fear (Ella y el miedo),60.92,06-12-1971,21
The Young Savages,187.15,25-03-1979,65
Dead Man Walking,163.15,11-04-1969,81
India (Indien),181.42,08-02-1991,80
On Deadly Ground,84.08,05-11-1973,45
Uranus,124.37,11-11-1994,57
"Dude, Where's My Car?",114.05,07-01-1997,70
The Fault in Our Stars,73.35,10-05-1967,51
Barbershop,108.92,14-08-1986,67
Out for a Kill,106.9,06-07-1962,15
By Dawn's Early Light,122.31,11-12-1991,76
"Rookie, The",72.02,20-05-1989,21
Last Winter (L'hiver dernier),120.59,04-08-1962,34
Air Hawks,83.11,12-01-2014,35
All the President's Men,75.31,17-07-2003,79
Light Gradient,143.63,04-09-2021,71
"Little Prince, The",83.18,02-10-1968,55
C.H.U.D. II - Bud the Chud,129.78,09-04-2000,47
"Crush, The (La cotta)",182.13,16-04-2002,92
Boot Camp,92.32,25-03-2019,80
She Gods of Shark Reef,78.13,02-07-2015,5
Jupiter Ascending,177.26,24-12-1993,6
Rookie of the Year,65.26,20-06-1982,25
Road to Rio,167.39,23-09-2012,74
Life After People,84.21,26-06-1965,53
Free Ride,161.82,04-06-2010,23
Zozo,146.46,06-12-2007,65
Bal (Honey),160.27,06-05-2017,58
High School Musical 3: Senior Year,189.28,01-12-1994,98
Curse of the Oily Man (Sumpah orang minyak),180.89,31-01-1978,33
Attack of the Puppet People,150.68,20-03-2021,37
Daughter of Dr. Jeckyll,121.06,07-10-2014,56
"Bench, The (Bænken)",156.18,19-02-1963,43
Kids World,140.75,26-04-1985,84
"Young Visiters, The",72.2,20-11-2013,2
Jindabyne,172.18,29-09-1971,15
Babylon,143.93,14-10-2000,79
Let's Make Money,138.48,11-07-1991,44
"First Beautiful Thing, The (La prima cosa bella)",154.83,18-07-1998,86
"3 Holiday Tails (Golden Christmas 2: The Second Tail, A)",131.98,19-10-2017,47
The Boy Who Cried Werewolf,101.15,09-11-2001,83
Uncovered,97.66,24-04-1967,73
Recipes for Disaster,101.48,31-08-2014,17
Madagascar: Escape 2 Africa,143.23,07-02-2004,82
Haider,114.31,14-10-1982,93
Beyond the Stars,142.49,26-07-1987,77
Dawn of the Dead,147.97,06-08-1995,82
"Amour fou, L'",179.96,24-07-1962,91
"Enforcer, The (Gei ba ba de xin)",88.47,27-04-2014,94
Unstrung Heroes,126.62,19-02-2017,30
Deadly Circuit (Mortelle randonnée),116.95,05-06-2018,20
Highway to Hell,148.61,26-04-2008,35
Beautiful Girl,68.4,31-03-1993,74
All I Want for Christmas,114.82,25-05-1965,13
"Man Who Came to Dinner, The",106.74,05-06-2019,24
"Mother and the Whore, The (Maman et la putain, La)",76.53,21-04-1972,22
Sgt. Bilko,81.12,16-11-1993,90
Patrick,168.23,25-03-1993,61
Attila,129.23,13-03-1974,62
"Bird of the Air, A (Loop, The)",140.32,07-10-2008,35
"Tree of Wooden Clogs, The (L'albero degli zoccoli)",90.39,22-12-2016,41
"Constant Nymph, The",96.1,31-08-1977,39
Wilson,166.56,02-01-1963,52
"Blue Angel, The (Blaue Engel, Der)",116.95,18-08-1997,68
La dama boba,60.28,11-02-1985,89
This Ain't California,86.39,17-03-2017,66
Revenge for Jolly!,75.83,08-11-2007,34
Rambo (Rambo 4),110.13,21-09-2013,65
Burrowing (Man tänker sitt),166.47,31-08-2017,18
Alice in Murderland,93.9,14-03-2022,65
Novocaine,90.18,31-05-1998,71
French Cancan,120.92,02-09-1962,75
Blade on the Feather (Deep Cover),87.31,13-01-1967,11
Terkel in Trouble (Terkel i knibe),132.43,27-09-1982,15
Full Body Massage,152.92,09-11-1976,73
Christmas in Connecticut,175.79,05-02-2015,93
"Bizarre, Bizarre (Drôle de drame ou L'étrange aventure de Docteur Molyneux)",178.37,17-09-1977,72
The Fox and the Hare,71.39,06-10-2019,45
"Four Days of Naples, The (Le quattro giornate di Napoli)",106.89,26-11-2020,83
HazMat,123.34,16-04-1978,14
Ward 13,145.03,02-12-2005,21
"Maze Runner, The",140.83,13-03-2007,12
Anna,84.28,26-07-1998,14
Forty Shades of Blue,189.48,17-09-2008,64
Shark Tale,136.41,09-09-2014,63
"Lovers of the Arctic Circle, The (Los Amantes del Círculo Polar)",78.1,07-12-2012,85
"Cousins, The (Cousins, Les)",86.63,21-05-1975,13
Medea,79.08,14-05-2004,22
Delgo,132.21,07-05-1987,87
Evolver,150.85,14-09-1963,12
"Haunting in Connecticut, The",80.42,08-10-2011,38
Night Tide,103.2,27-02-2007,93
Legion of the Dead,117.73,02-06-1967,88
Ready to Rumble,71.17,23-09-1973,21
Zincirbozan,107.64,12-08-2000,76
Universal Soldier: The Return,109.48,07-04-1999,90
1987,101.51,07-10-1985,49
"Devil's Ground, The",115.73,27-11-1983,91
Cat on a Hot Tin Roof,104.99,04-04-1998,32
Children of a Lesser God,142.3,18-04-2000,37
5 Centimeters per Second (Byôsoku 5 senchimêtoru),102.66,30-11-2004,84
No Way Back,130.95,01-02-2005,46
De la servitude moderne,80.65,11-10-1962,17
"Take, The",168.46,10-07-2008,30
Muscle Shoals,75.05,15-05-2010,6
Young Guns II,91.42,09-05-1975,76
Whistling in the Dark,134.99,01-01-1975,67
Before I Self Destruct,127.69,21-04-1965,68
Narco Cultura,128.76,23-05-1963,73
"Emperor Waltz, The",87.61,12-11-1961,13
Executive Decision,141.32,04-11-1988,94
"Fast and the Furious, The",152.66,17-11-1986,41
American Outlaws,165.84,19-06-2008,53
That Thing You Do!,72.33,17-02-2007,4
Money Talks,112.5,19-10-2014,100
"Eel, The (Unagi)",125.54,11-09-1970,35
"Road to Hong Kong, The",133.75,12-07-1985,15
Dillinger,84.16,29-09-1966,54
Agora,133.56,28-07-1987,79
The Invisible Frame,117.47,22-10-1995,19
Footloose,162.67,17-02-2008,35
This Is 40,120.53,03-07-2021,18
Bartok the Magnificent,113.03,16-01-2020,45
Operation Endgame,104.86,10-03-2000,62
Jubal,173.34,16-03-1977,10
Allegro non troppo,72.21,22-11-1975,70
Open House,70.71,10-08-2005,76
Kansas,143.3,14-07-2003,44
Tumannost Andromedy,109.95,02-10-2006,54
"Look, Up in the Sky! The Amazing Story of Superman",151.06,21-06-1980,9
The Dust Bowl,107.13,18-08-1978,18
Aspen,154.79,19-09-2002,100
"Painted Veil, The",113.49,28-09-1965,49
Faces of Schlock,96.92,19-04-1987,27
Lucky,78.96,02-06-2007,90
Love Object,151.18,20-01-1979,97
Neverwhere,171.29,14-11-1995,54
Manufacturing Consent: Noam Chomsky and the Media,161.85,08-02-1973,29
"Larceny, Inc.",96.22,01-01-1994,12
Fire on the Mountain,160.73,27-10-2008,55
Sergeant Körmy and the Underwater Vehicles (Vääpeli Körmy ja vetenalaiset vehkeet),85.24,24-12-1963,6
Easy Money (Snabba Cash),85.57,19-02-1992,11
Scenic Route,123.41,09-01-1996,92
Star Wars: Threads of Destiny,107.32,12-01-2021,36
White Nights,95.86,07-08-1976,87
Postman Blues,71.04,25-04-1984,17
"Lady and the Duke, The (Anglaise et le duc, L')",160.05,21-12-2017,5
My Mother (Ma mère),157.99,19-06-1964,48
Return Of The Ghostbusters,91.92,18-06-2011,72
My Week with Marilyn,138.03,12-02-1965,32
"Wild Hunt, The",188.72,17-02-1995,45
"Marquise of O, The (Marquise von O..., Die)",177.06,09-08-1994,3
Stand Up and Cheer!,167.68,13-01-1983,32
"Bodyguard, The",140.87,28-07-2023,60
"Rack, The",189.96,17-01-1965,17
Captain January,174.93,16-03-1979,11
A Short History of Decay,104.04,19-12-2018,47
George Lopez: America's Mexican,165.62,23-07-1974,71
Sgt. Pepper's Lonely Hearts Club Band,128.51,12-04-1980,87
Bloody New Year,171.21,09-10-1985,27
Welcome to the Jungle,124.65,10-04-1988,80
Free the Nipple,187.06,05-05-1969,63
Mishima: A Life in Four Chapters,138.76,21-02-1993,47
"Flaw, The",144.04,21-08-1989,60
"Devil to Pay!, The",123.9,05-04-2019,29
Eat a Bowl of Tea,180.86,14-03-2014,49
"Next Stop, Greenwich Village",115.55,08-12-1982,100
Barbershop,88.32,12-07-1978,56
Papadopoulos & Sons,156.06,30-10-2016,14
"Wanderers, The",184.54,18-08-1971,98
Dementia (a.k.a. Daughter of Horror),164.44,13-10-1985,9
Can't Stop the Music,179.76,29-01-2020,2
Reds,162.14,30-11-1992,67
Nelly & Monsieur Arnaud,188.27,28-09-1991,29
Mélo,148.14,31-08-1982,1
Life,94.6,10-03-1984,70
"Girl, Interrupted",158.75,09-04-1977,32
Those Who Love Me Can Take the Train (Ceux qui m'aiment prendront le train),101.98,14-12-1981,77
Happy Family,60.8,05-08-1983,21
Drama/Mex,177.9,26-02-2015,44
Heatstroke,161.18,08-07-2006,82
You Are God (Jestes Bogiem),140.55,03-07-1980,71
Flesh Gordon,137.54,10-04-1979,54
"Lake, A (Un lac)",91.55,23-07-1997,22
Raw Deal: A Question of Consent,161.43,07-05-1987,10
Star Wars: Threads of Destiny,166.91,08-05-1999,50
Accused (Anklaget),101.8,07-03-2023,88
Love and Bullets,174.78,17-03-2013,86
"Whistle Blower, The",137.62,22-01-2014,64
Mine Games,93.12,30-11-1998,16
Requiem,132.38,30-06-2006,98
"I Love You, I Love You (Je t'aime je t'aime)",112.86,04-03-1982,99
What About Dick?,176.08,06-04-2002,16
"Piano in a Factory, The (Gang de qin)",187.47,01-01-1995,58
Chouga (Shuga),92.77,26-05-1967,9
Love Steaks,153.97,02-04-1975,7
Endgame,162.37,20-12-1999,36
"Americanization of Emily, The",110.28,05-12-2012,23
Cops,151.34,07-03-2021,47
Poultrygeist: Night of the Chicken Dead,65.03,28-02-2023,60
"Wreck of the Mary Deare, The",76.05,05-03-1970,53
Bang Boom Bang - Ein todsicheres Ding,144.9,04-05-1998,26
Waiting for Happiness (Heremakono),99.41,31-03-1972,64
Eight Iron Men,121.61,07-09-2010,22
Not on the Lips (Pas sur la bouche),109.36,10-08-1993,59
Vollidiot,82.49,04-01-1973,49
"Legend II, The (Fong Sai Yuk juk jaap)",166.1,10-04-2009,81
Angelus,136.46,10-06-2000,80
"Last Elvis, The (Último Elvis, El)",182.41,23-06-1966,93
Under the Boardwalk: The Monopoly Story,88.03,30-06-1980,84
"Bride from Hades, The (Botan-dôrô) (Peony Lantern) (Tale of Peonies and Lanterns, A)",107.96,11-06-2008,30
Foosball (Metegol),124.32,01-07-1961,27
"Train, The",139.15,08-10-1990,8
Dr. Gillespie's New Assistant,131.6,28-08-1970,45
Vitus,118.17,30-01-1989,12
"Deer Hunter, The",175.08,02-11-2018,27
What Women Want,85.29,02-02-2017,51
Everything Is Illuminated,119.36,09-03-2019,34
"Fiendish Plot of Dr. Fu Manchu, The",90.89,13-01-1977,46
Vice Squad,80.91,21-08-1964,69
"Blind Swordsman: Zatoichi, The (Zatôichi)",130.67,12-08-1968,47
"Complete History of My Sexual Failures, A",103.65,19-12-1978,51
My Joy (Schastye moe),186.99,06-10-1961,27
Weekender,105.26,09-03-1974,62
ThanksKilling 3,89.67,13-11-1979,36
Scorchers,80.29,28-06-2022,70
He Ran All the Way,136.47,01-06-1981,58
Gladiator,67.1,27-08-1993,64
"Same River Twice, The",178.93,29-06-2015,91
"Lovers, The (Les Amants)",109.52,26-06-2012,76
"Last of the Mohicans, The",159.1,03-03-1980,73
Mater and the Ghostlight,72.52,23-01-1977,32
"When You Comin' Back, Red Ryder?",177.35,08-08-1963,1
Double Take,174.02,08-12-1988,22
Young Ones,95.36,14-04-1986,50
"Dog Problem, The",79.38,09-06-2015,3
Police Academy 3: Back in Training,188.55,14-07-2002,99
All Quiet on the Western Front,154.17,13-03-1978,85
Speed & Angels,153.92,07-09-2006,65
Cargo,83.32,10-04-1971,89
"Devil Dared Me To, The",65.51,02-10-2017,74
The Pentagon Papers,175.6,26-08-1966,76
Personal Effects,75.19,16-05-2004,99
Righteous Kill,144.8,15-03-1983,73
Iria: Zeiram the Animation,68.81,29-10-2021,49
Gigantic (A Tale of Two Johns),83.01,31-01-1962,59
"Spiderwick Chronicles, The",129.06,09-01-2019,79
"Deep Blue Sea, The",171.9,05-07-2019,47
"Corsican File, The (L'enquête corse)",116.17,03-03-2009,12
Alphabet,131.8,31-08-2021,58
Wolves,141.84,21-11-1985,10
Hellzapoppin',111.52,13-08-1979,3
Undocumented,65.68,21-07-1985,64
"Fast & Furious (Fast and the Furious 4, The)",160.35,28-11-2002,16
"Idiots, The (Idioterne)",113.47,21-09-2019,89
"Adventures of Picasso, The (Picassos äventyr)",142.8,09-04-1965,16
"Pool, The (Swimming Pool - Der Tod feiert mit) ",91.02,01-01-1996,46
"Great White Hope, The",70.34,12-12-1962,79
The Girl in a Swing,74.02,09-07-1983,42
Such Good Friends,155.16,27-09-1995,50
The War,103.46,29-07-1974,16
"Walk, Don't Run",79.43,18-09-1990,48
Night Falls on Manhattan,184.74,26-09-1962,11
Shadow Magic,137.21,22-06-2016,88
Almost 18,164.86,06-02-1964,49
Ultraman (Chôhen kaijû eiga: Urutoraman),148.06,30-04-2020,62
Mare Nostrum,72.66,01-04-1975,9
Holes in My Shoes,63.59,13-10-2001,13
"Triumph of the Nerds, The: The Rise of Accidental Empires",181.76,22-12-2000,80
Upstream,109.04,16-01-2005,57
Sweetwater,79.84,16-01-2008,58
"Passion of Ayn Rand, The",155.45,06-08-2020,39
Parenthood,69.63,17-03-2003,18
Prom Night IV: Deliver Us From Evil,67.62,30-01-2013,1
Any Number Can Win (Mélodie en sous-sol ),61.11,16-04-1987,39
Saawariya,165.97,26-12-2007,52
Another Gay Movie,127.72,17-10-1970,50
To the Limit (Am Limit),167.23,02-06-1984,7
Christmas Holiday,101.94,21-12-2019,9
Tracks,144.88,26-08-1974,93
Downloaded,95.91,02-10-1989,17
Solo Sunny,162.3,14-04-2016,28
How They Get There,81.53,11-10-1995,33
Two-Way Stretch,81.0,01-10-2013,95
The Lunchbox,130.97,12-05-2008,31
Cochochi,74.22,29-07-2003,48
Nicholas and Alexandra,78.41,16-12-1989,23
Sweethearts,88.99,27-12-2022,31
"Hurricane Express, The",103.92,23-01-2009,11
Archangel,154.12,04-12-2014,25
Industrial Symphony No. 1: The Dream of the Brokenhearted,175.82,14-04-1969,35
Police Academy 4: Citizens on Patrol,135.65,26-02-2004,40
"Raven, The",73.41,22-04-2004,42
Toy Story Toons: Partysaurus Rex,125.87,23-12-2000,12
"Strawberry Blonde, The",184.72,17-05-1968,25
Shutter,108.38,06-06-2007,67
Let It Snow,75.47,11-08-1966,69
"Red Dwarf, The (Nain rouge, Le)",108.41,23-11-1988,59
Lady Be Good,121.18,04-04-1976,94
Tatie Danielle,101.82,08-03-1984,33
Sinbad: The Fifth Voyage,110.12,16-03-2000,71
"Pledge, The",113.7,07-09-1979,48
Milk,74.18,08-01-1997,71
"Scotland, Pa.",162.42,02-04-1999,30
"Way We Were, The",170.09,18-01-1965,68
"Strawberry Blonde, The",78.15,05-04-2001,40
They Live,87.01,13-08-2020,61
Guilty (Présumé coupable),63.06,24-03-1982,40
Far from Home,109.2,04-09-2016,81
"Cairo Station (a.k.a. Iron Gate, The) (Bab el hadid)",66.53,27-09-2014,5
Body Count,135.0,24-03-1987,63
20 Seconds of Joy,143.87,24-08-1981,60
Addams Family Reunion,119.52,24-01-2016,6
The Salt of the Earth,96.47,10-09-1987,66
"Deux mondes, Les",172.67,08-03-2022,56
The Hire: Powder Keg,108.6,31-12-2009,4
"Order of Myths, The",116.58,30-11-1972,38
It's Alive 2: It Lives Again,109.37,31-10-1998,64
Merlin's Apprentice,104.1,20-08-1994,56
Children of Dune,132.35,01-04-2002,96
"Little Romance, A",141.46,15-01-1962,47
Hanky Panky,137.58,14-05-1969,82
Love Liza,78.24,24-06-1997,87
Mikra Anglia,136.26,15-01-1963,94
Final Fantasy: The Spirits Within,116.93,25-06-1972,46
"Silence, The (Tystnaden)",129.01,24-06-1961,5
"Fast Five (Fast and the Furious 5, The)",117.45,27-06-1986,85
Holding Trevor,133.4,10-01-1987,81
Do Not Disturb,174.45,11-12-1981,25
Hello Down There,188.93,01-11-1996,72
Shall We Kiss? (Un baiser s'il vous plait),91.64,01-03-1996,44
Innocence,84.89,11-05-1969,22
Men Seeking Women,60.22,14-11-1964,32
Wolf,177.94,31-05-2009,16
Kanal,154.34,07-11-2018,61
Cry Freedom,180.39,06-09-2000,66
Fandry,89.71,06-02-1974,76
"Holcroft Covenant, The",91.52,25-04-1966,32
Man Made Monster,173.63,03-05-1987,4
"Touch of Spice, A (Politiki kouzina)",93.36,06-09-1997,7
"Machine, The",108.36,08-06-1996,48
"Married Couple, A",144.02,16-10-1974,49
Control,147.58,21-12-1984,72
Hearts and Minds,138.6,20-12-2022,5
Red Riding: 1980,99.07,20-12-2000,99
Watchmen: Tales of the Black Freighter,148.14,18-07-2023,11
Luna de Avellaneda,154.98,17-01-1966,96
"Parent Trap, The",152.31,07-04-1976,17
Maid to Order,102.75,15-10-1976,28
Love! Valour! Compassion!,81.88,27-12-1971,48
Late Bloomers,167.71,16-11-1961,27
Holiday Spin,88.43,24-05-1990,91
"Yes Men, The",188.27,31-01-2015,44
Big Bad Wolf,124.09,03-09-1993,4
Out at the Wedding,171.13,07-08-1971,3
Labor Day,103.66,08-10-1980,86
"Secret World of Arrietty, The (Kari-gurashi no Arietti)",98.65,08-06-1987,48
"Fall, The",61.94,10-01-1972,31
This Is the Night,149.37,24-08-1988,55
Whisky Galore,136.4,25-01-1969,15
The Ghost Story of Oiwa's Spirit,90.94,28-06-2008,10
Endurance,155.48,04-02-2021,48
Chang: A Drama of the Wilderness,145.32,25-12-1989,83
Burning Bright,133.21,23-10-1967,52
Killer Legends,175.55,30-11-1986,11
Dragon: The Bruce Lee Story,64.05,10-07-1998,61
Ziggy Stardust and the Spiders from Mars,156.5,23-06-1969,89
What the Day Owes the Night,63.81,06-11-2018,97
"Misfits, The",144.03,12-05-2005,8
Pajama Party,90.74,25-05-1961,87
"Five People You Meet in Heaven, The",176.47,23-01-1975,54
"Lizard, The (Marmoulak)",155.65,15-12-1985,62
Pretty Cool,152.09,06-10-2021,57
"Conquest, The (La conquête)",135.49,20-04-2006,20
Seven Thieves,169.49,16-03-1996,30
Cinema Verite,132.75,24-10-1999,23
Cowboy Bebop: The Movie (Cowboy Bebop: Tengoku no Tobira),141.93,26-01-2011,88
"Princess Bride, The",169.53,28-03-1995,79
Wuthering Heights,183.64,30-11-1970,26
Shakespeare's Globe: Henry V,105.12,04-07-1965,6
Recess: School's Out,68.27,24-07-2014,91
Splash,125.51,20-06-1988,67
Roadracers,141.54,06-12-2018,56
Loners (Samotári),146.48,29-05-1992,52
Caligula,160.08,26-06-2022,17
Leave It to Beaver,97.2,18-07-2022,7
Where Were You When the Lights Went Out?,143.61,11-11-1995,52
"Draughtsman's Contract, The",111.61,21-12-1980,46
"Gentle Breeze in the Village, A (Tennen kokekkô) ",97.29,17-04-1993,7
Flying Down to Rio,60.04,03-12-2006,61
1612: Khroniki smutnogo vremeni,63.99,24-09-1997,83
"Winged Migration (Peuple migrateur, Le)",80.36,08-11-1983,55
Splendor in the Grass,152.98,29-12-1982,4
Footprints on the Moon (Le orme) (Primal Impulse),131.97,09-01-2000,10
16 Years of Alcohol,62.05,28-11-2004,56
Jetsons: The Movie,103.43,07-02-1975,30
"Player's Club, The",112.93,08-11-2010,25
Hothead (Coup de tête),163.18,29-03-1995,79
"War, The",123.2,12-09-2021,39
"Blade, The (Dao)",114.15,09-05-1967,48
"Guest, The",86.92,12-12-1999,47
Lisztomania,60.89,11-08-2002,34
"Big Town, The",166.35,25-07-2005,7
Eaten Alive (Mangiati Vivi),104.99,29-08-1962,89
"Cat and the Canary, The",141.56,29-10-1973,91
"Chosen One, The",96.57,10-03-1969,61
"Marshland (Isla mínima, La)",101.54,23-01-2019,50
Mogambo,172.08,19-08-1989,83
Madame Rosa (La vie devant soi),124.38,28-07-1963,66
Garfield: A Tail of Two Kitties,176.09,15-11-1975,29
Night of the Lepus,173.77,13-11-2019,3
Murder on Flight 502,118.3,03-11-1983,1
Palo Alto,165.85,09-01-1976,37
Narc,97.09,11-07-1997,69
Jumping the Broom,77.22,15-10-1997,9
Batch '81,69.6,09-12-2016,20
Heartbreaker (L'Arnacoeur),172.75,04-09-1962,92
Nothing to Declare (Rien à déclarer),171.67,28-05-1980,58
Blood Suckers from Outer Space,139.43,08-05-1966,72
As I Lay Dying,68.83,11-08-1996,11
I Am,182.09,15-11-1968,20
"Guns of Fort Petticoat, The",155.87,24-06-1983,10
"Gun in Betty Lou's Handbag, The",189.12,25-06-1974,16
Kariera Nikosia Dyzmy,107.52,24-10-1990,2
Torrid Zone,81.97,19-11-2004,26
People on Sunday (Menschen am Sonntag),60.66,02-10-1967,91
"Cider House Rules, The",162.91,27-06-2008,57
Avengers Confidential: Black Widow & Punisher,127.1,26-04-1983,92
Coelacanth: The Fish That Time Forgot,85.45,29-05-1988,75
Dante's Inferno,138.23,27-07-1974,37
In Time,186.61,26-06-1982,93
Warning Shadows (Schatten - Eine nächtliche Halluzination),157.96,20-02-2019,77
Zero Effect,99.96,19-08-1991,60
Blubberella,73.21,27-06-1967,41
Making 'The New World',65.48,19-02-2003,57
"Ball, The (Le bal)",85.21,05-07-1963,18
Latitudes,101.13,16-10-2009,42
"Makioka Sisters, The (Sasame-yuki)",102.73,19-10-1962,67
"Miracle Worker, The",139.61,16-06-1971,71
Little Lord Fauntleroy,166.78,14-05-1986,92
They Live by Night,101.27,09-04-2017,90
Round Midnight,123.82,29-12-2007,32
G.B.F.,140.62,20-09-2023,76
Nightbreed,141.88,17-05-2002,82
21 Up,115.72,21-01-1983,49
Shadowing the Third Man,88.77,10-01-1973,30
Which Way to the Front?,132.64,28-07-1999,12
"Big Trees, The",183.79,05-07-2011,21
Spirits of the Dead,155.67,11-04-2008,40
Starting Over,90.88,17-06-1961,1
Boy (Shônen),106.78,28-01-2017,36
Go Tell the Spartans,106.63,24-08-1991,79
Ask Me Anything,185.0,28-01-1978,56
Jamie and Jessie Are Not Together,60.98,02-04-2005,47
"Man Who Sleeps, The (Un homme qui dort)",110.54,27-04-2009,54
8 Million Ways to Die,162.34,10-11-1989,47
Dr. Jekyll and Mr. Hyde,178.83,06-05-2016,14
Six Weeks,90.21,25-01-2008,1
Tobor the Great,67.81,08-07-2003,94
"Mother, The",125.49,11-12-1968,93
Buena Vista Social Club,90.64,03-03-1978,47
Bandwagon,106.08,17-08-1980,57
Manhunt,92.56,23-04-1994,41
Legend No. 17,110.3,28-12-2014,96
Wrong Turn,112.1,15-10-1982,91
Our Daily Bread (Unser täglich Brot),159.67,18-12-1975,79
"Strange Case of Dr. Jekyll and Mr. Hyde, The",88.91,15-02-1969,46
The Boy,165.36,24-05-1979,55
Clara and Me (Clara et moi),185.98,02-04-1987,81
For the Love of Benji,153.45,24-05-2016,23
Appleseed (Appurushîdo),61.8,05-04-2011,34
Floating,145.13,17-01-1966,75
Roadie,89.17,12-03-1974,76
Rules of Engagement,76.07,30-04-1999,50
McCabe & Mrs. Miller,115.11,15-03-1997,91
Hand in Hand,62.19,24-11-1965,79
Time Lapse,76.55,22-02-1973,76
Bikini Beach,63.1,06-09-1990,2
Children of Nature (Börn náttúrunnar),107.52,08-01-1961,90
Walking Tall,185.68,28-04-1984,30
Laura,88.18,13-07-1967,76
Slumber Party Massacre III,134.03,31-07-1973,85
Husbands and Wives,78.11,05-03-2006,16
Kagi (Odd Obsession),138.55,02-07-2006,18
"Dust Factory, The",150.48,13-10-1967,57
Civic Duty,81.45,13-11-1987,64
Thunderbirds Are GO,115.8,28-07-2021,6
My Dear Enemy (Meotjin haru),176.77,26-05-1983,35
Jim Jefferies: Alcoholocaust,144.47,09-09-2000,93
Zebra Lounge,153.49,03-10-1991,87
Top Gun,92.6,13-03-1966,42
Falling Up,132.61,01-11-1978,90
Texas Across the River,87.41,09-09-2001,69
Countess Dracula,94.26,01-04-2010,2
Before I Self Destruct,157.24,23-04-2000,13
Taken 3,98.4,26-11-1981,79
Fire in the Sky,187.72,30-04-2001,27
Cold Prey III (Fritt Vilt III),153.47,01-10-2008,4
"Construction, The (En construcción)",65.71,01-06-2000,70
Mega Piranha,98.64,08-07-2003,7
Four Daughters,119.46,27-02-2023,67
Lucy,175.51,28-06-1993,87
Dangerous Liaisons,154.63,13-01-1995,21
Which Way Is the Front Line From Here?  The Life and Time of Tim Hetherington,180.42,17-04-1966,23
9 Star Hotel (Malon 9 Kochavim),186.95,01-03-1991,90
"Citizen, The",100.06,18-06-1972,16
Killing Them Softly,65.76,08-12-2021,31
Shattered Image,160.45,21-01-1962,37
Higher Ground,99.49,02-11-2000,62
Warriors (Guerreros),138.5,21-04-2018,27
"Lift, De",144.46,21-08-1976,45
One for the Money,118.91,11-06-2008,4
Comic-Con Episode IV: A Fan's Hope,89.35,09-09-1964,73
Shoot 'Em Up,140.9,23-12-1967,21
South Pacific,84.09,29-06-1984,73
Kuffs,168.76,20-06-1962,55
Half Past Dead,132.04,05-02-2001,30
Citizen Ruth,110.33,31-12-1967,35
Heartbeeps,185.95,24-02-1976,62
"Killing of a Chinese Bookie, The",139.7,07-06-1993,100
"Jungle Book of Regulations, A (Nie Ma Rozy Bez Ognia)",177.9,24-09-2017,16
"Private Life of Don Juan, The",149.62,05-05-1968,53
High School Hellcats,106.09,03-10-1987,77
Shadows,142.36,04-08-1999,4
Hard Ticket to Hawaii,78.12,26-01-1998,8
Kim,66.54,10-02-2001,55
Adrift (À Deriva),145.87,29-08-2018,62
"Perfect Human, The (Perfekte Menneske, Det)",114.02,21-10-1963,33
"Act in Question, The (Acto en cuestión, El)",127.14,18-02-2018,56
Urban Legend,73.62,02-01-1997,24
Son of the Mask,176.04,23-11-1998,83
"Wool Cap, The",91.98,07-08-1987,57
"Last Wave, The",85.6,23-09-1962,1
David Cross: The Pride Is Back,65.23,25-01-2017,81
History Is Made at Night,124.65,05-08-2018,71
I Remember Mama,91.63,06-04-1975,63
"Lost World, The",171.26,03-09-2004,76
Hammer of the Gods,144.83,02-08-1995,43
"Corrina, Corrina",150.25,20-07-1992,29
"Shrine, The",138.48,10-12-1975,5
Amityville II: The Possession,149.41,18-06-2000,44
Interstate 60,107.65,25-02-1970,100
Coup de torchon (Clean Slate),165.13,07-09-2019,12
First Snow,104.08,16-07-2019,78
"Very Potter Sequel, A",83.35,22-06-1978,29
"Russian Specialist, The (Mechanik, The)",61.09,18-08-1968,86
Internal Affairs,79.81,01-12-1985,10
Bordertown,181.35,24-12-2021,82
Che: Part Two,63.17,07-03-1963,63
"He Said, She Said",100.23,25-08-1997,46
"Caller, The",173.64,10-12-2011,54
Tortured,131.48,19-05-1985,44
Garfield: The Movie,119.25,04-06-1987,12
"Girl From Nowhere, The",123.7,26-10-2012,92
"Trouble with Bliss, The",155.68,05-10-2021,82
"Heartbreak Kid, The",93.13,21-09-1992,13
Guerrilla: The Taking of Patty Hearst,170.48,10-08-1978,3
"Dictator, The",76.04,14-09-1989,49
Exit,83.34,12-05-2012,78
"Inspectors, The",70.31,07-03-2007,93
Life's a Breeze,139.56,15-09-1976,5
Anchorman 2: The Legend Continues,75.29,08-10-1962,64
Three Fugitives,128.24,16-10-1971,89
"Wash, The",105.36,14-01-2012,26
Camp,72.37,21-05-2011,21
Ice Men,163.76,13-07-1982,43
Once Upon a Honeymoon,179.43,10-02-2009,75
"Kiss for Corliss, A (Almost a Bride)",85.81,23-09-1962,14
Wild,116.53,28-08-2013,52
Petting Zoo,81.97,01-11-2016,82
"Marshland (Isla mínima, La)",169.65,12-05-2023,60
Daddy Nostalgia (Daddy Nostalgie),150.35,22-11-2023,56
House of Tolerance,165.79,23-08-1996,63
Aurora,132.72,03-03-1992,44
Johnny Tremain,121.67,27-02-1994,63
Il piccolo diavolo,157.77,10-12-1984,89
Land of Milk and Honey (Pays de cocagne),136.02,17-08-2018,82
Highway to Hell,152.01,12-12-1981,8
Madigan,93.92,13-07-1987,59
Elvis on Tour,127.68,28-11-2012,83
Boy Culture,151.43,31-12-1984,56
Judge Dredd,91.7,11-01-1963,74
Ironweed,161.46,11-01-2021,24
"Karate Kid, The",103.24,18-07-2006,70
"Devil's Rain, The",85.23,20-11-2010,62
Big Eyes,134.84,19-05-1978,26
Swimming with Sharks,116.3,01-05-1970,21
Somewhere in the City,81.69,03-03-2019,76
"301, 302 (301/302)",74.35,03-07-1986,77
Carnal Knowledge,153.36,05-12-1986,10
"Fighting Prince of Donegal, The",77.96,30-10-1970,19
"Whistle Blower, The",182.33,08-12-1999,47
Applause,88.2,29-10-1990,25
Prisoners,84.55,06-01-1991,62
Privilege,116.5,02-01-1977,72
Huckleberry Finn,153.05,11-02-2017,14
Another Thin Man,63.99,22-05-1995,65
Hail Caesar,174.57,10-12-2012,75
Ratko: The Dictator's Son (National Lampoon's Ratko: The Dictator's Son),176.21,12-05-1989,81
Prom,127.51,11-06-1997,9
"Happy Time, The",177.68,28-08-2018,96
"Apprenticeship of Duddy Kravitz, The",67.45,16-09-2023,41
Resident Evil: Retribution,147.79,08-06-2018,34
Carmen Miranda: Bananas Is My Business,94.13,24-06-2003,39
"Ali Zoua: Prince of the Streets (Ali Zaoua, prince de la rue)",172.64,17-09-1961,28
Beneath the Rooftops of Paris (Sous les toits de Paris),73.47,15-01-1975,71
Othello,60.61,30-09-2011,52
"Wisdom of Crocodiles, The (a.k.a. Immortality)",146.98,07-12-1975,78
The Water Diviner,93.89,20-08-2007,53
Secretariat,121.93,30-03-2015,26
Repeaters,63.0,11-11-2023,54
Philadelphia Experiment II,94.02,20-12-2008,18
"Blood Beast Terror, The",108.06,26-10-2002,40
Agent Cody Banks,189.58,03-12-2012,29
"Amanece, que no es poco",114.81,27-07-2012,37
Red Ensign,165.98,06-11-2011,81
Shake Hands with the Devil,132.94,09-12-1966,21
"Empty Mirror, The",111.96,17-05-1990,27
Batman Forever,81.96,27-09-2020,70
Our Music (Notre musique),176.81,23-11-2015,72
Naked Ambition: An R Rated Look at an X Rated Industry,182.93,22-03-1995,21
"Maria, ihm schmeckt's nicht! (Maria, He Doesn't Like It)",71.47,17-10-1963,33
Whisper,165.35,07-02-1988,83
Angels in the Outfield,140.91,12-03-1981,23
"Promise, The (Wu ji)",125.72,07-10-1981,37
"Burning Hot Summer, A (Un été brûlant)",101.73,21-08-2006,27
Ninja III: The Domination,67.23,24-04-1970,94
London to Brighton,124.57,10-04-2001,51
Days and Nights,143.51,05-08-2017,31
A Chairy Tale,81.92,10-03-2000,38
Arthur and the Invisibles,119.55,15-07-1965,44
2 Days in Paris,76.62,05-06-1990,73
Smiles of a Summer Night (Sommarnattens leende),175.73,17-09-2015,43
"Carriers Are Waiting, The (Convoyeurs attendent, Les)",152.54,23-01-1986,48
Raw Meat (Death Line),102.3,07-07-2006,56
Simon Says,62.81,09-08-1982,76
Jimi Hendrix: Hear My Train A Comin',186.84,15-03-2006,47
High Test Girls,139.47,10-12-1999,27
Alive Day Memories: Home from Iraq (Occupation Iraq),65.79,04-02-1972,58
"Dylan Moran: Yeah, Yeah",94.05,10-06-1986,76
Save Me,139.1,01-03-2002,98
Pawn,96.57,18-12-1989,18
Hunter Prey,169.67,28-01-2018,67
Waiting For Armageddon,152.92,01-04-1989,93
"Shiver of the Vampires, The (Frisson des vampires, Le)",162.97,04-12-1985,48
Crossroads,93.96,06-05-2006,80
"Older Brother, Younger Sister (Ani imôto)",62.59,07-07-2017,12
Everly,83.69,22-06-2013,16
Executive Action,154.64,05-02-1975,19
Love the Hard Way,62.48,06-11-1979,92
Hands of the Ripper,151.66,25-05-2014,100
"Perfect Family, The",112.03,09-07-1998,30
"Die Is Cast, The (La suerte está echada)",80.32,19-08-2016,18
47 Ronin,178.86,09-10-2001,71
"Sleepy Time Gal, The",135.7,06-06-1961,13
Taxi 2,132.68,04-04-1991,77
Murder by Proxy: How America Went Postal,135.36,16-08-1998,9
Laura,180.54,11-11-1974,18
Hollow Point,64.23,29-07-1974,88
"True Meaning of Christmas Specials, The",110.99,05-05-2020,79
"U.S. vs. John Lennon, The",157.77,25-06-1987,34
Just a Kiss,171.56,05-10-2017,96
Lila Says (Lila dit ça),186.67,13-05-1996,6
"Rise & Fall of ECW, The",152.68,19-05-1965,49
Son of Dracula,70.72,21-05-2014,86
24 City (Er shi si cheng ji),82.98,14-01-1997,95
Elf,74.4,07-07-2003,44
Kestrel's Eye (Falkens öga),160.35,31-10-1991,7
"Lonely Wife, The (Charulata)",189.13,20-07-1975,6
"Run, Man, Run! (Corri uomo corri)",155.17,20-11-2001,5
12 Angry Men,68.23,27-09-2002,4
"Boy in the Striped Pajamas, The (Boy in the Striped Pyjamas, The)",183.06,23-07-1985,98
Blessed Event,114.03,31-01-1993,86
Phoenix,60.74,28-12-2020,62
Snowballs,60.7,06-05-1989,86
"Revolution Will Not Be Televised, The (a.k.a. Chavez: Inside the Coup)",129.75,28-10-1990,89
Aftermath,150.25,14-05-1968,15
Mr. Skeffington,102.63,04-08-1997,54
Nils Karlsson Pyssling,185.05,11-04-2014,29
Kung Pow: Enter the Fist,62.71,08-01-2002,95
Speed Zone! (a.k.a. Cannonball Run III),65.71,15-09-1979,72
Tom Horn,180.91,29-09-2007,31
Ring of Bright Water,164.05,19-10-1989,81
Operation Ganymed,170.36,13-01-2018,39
King of the Hill,90.08,01-11-2003,71
On the Run,182.39,23-08-2016,22
Hollywoodland,150.67,01-01-1998,20
Night at the Museum: Battle of the Smithsonian,77.14,25-12-2018,28
Still Bill,109.07,11-01-2020,59
Street Angel,105.67,21-08-1977,67
8 ½ Women (a.k.a. 8 1/2 Women) (a.k.a. Eight and a Half Women),183.05,23-08-2018,93
Cry 'Havoc',165.97,05-12-1981,100
I'll Be Home For Christmas,147.44,06-06-2009,24
Angels in America,177.53,11-10-1971,52
"Jimmy Rosenberg: The Father, the Son & the Talent",70.91,17-06-1967,95
Gimme Shelter,102.03,22-04-1983,15
Bummer (Bumer),140.0,28-09-1993,50
"Lock, Stock & Two Smoking Barrels",128.71,10-12-1980,94
Nina Frisk,70.43,03-10-2018,6
Wavelength,109.07,10-09-1991,27
Holly,176.4,21-11-2020,33
Midnight Run,125.15,10-01-1965,83
Peyton Place,129.68,01-01-2014,85
Crime of Passion,111.91,27-02-1964,8
Design for Living,174.63,02-09-1975,73
Night Gallery,61.72,26-06-1979,92
"Pool, The",112.29,07-10-1978,85
Evil Remains (Trespassing),144.68,06-10-2006,33
What We Do in the Shadows,70.41,26-04-1982,34
Stoned,94.91,17-04-1980,71
Guilty (Présumé coupable),144.94,19-10-1999,18
"Other Side of Midnight, The",90.37,13-08-1965,73
Cypher,86.25,23-06-1989,18
Sea Fog,122.42,08-07-1966,9
"Whole Ten Yards, The",172.65,12-05-1994,62
HazMat,82.14,30-01-1990,34
Doc of the Dead,141.06,25-07-2021,35
Fat City,93.83,10-06-2012,60
Watch Out for the Automobile (Beregis avtomobilya),173.57,24-06-1984,84
Metropolis,135.33,10-03-1980,92
Skinwalkers,101.36,25-09-1961,72
Popatopolis,103.4,23-11-1965,86
Doomsday Prophecy,134.01,06-11-1980,9
"Shoes of the Fisherman, The",167.74,11-06-1966,29
I Know What I Saw,88.37,08-03-1995,60
"Gilded Lily, The",189.61,13-02-2013,51
Chopper Chicks in Zombietown,167.85,01-11-2004,55
Boys on the Side,152.09,14-08-2016,67
Ishq,79.38,03-08-1962,58
Doc,62.2,15-06-2003,60
Machuca,153.69,15-01-2003,77
American Scary,159.85,12-12-2022,22
"Woman in the Fifth, The (Femme du Vème, La)",177.15,02-03-2015,66
Parking (Ting che),107.92,21-04-1977,37
Thunder Bay,163.62,05-01-1964,12
Liberty Heights,96.0,14-04-2022,34
"Spirit of the Beehive, The (Espíritu de la colmena, El)",156.95,23-07-2018,7
"Cranes Are Flying, The (Letyat zhuravli)",79.67,27-04-1986,96
East Side Story,127.65,30-12-2013,56
"Circle, The (Dayereh)",81.45,11-12-2008,87
Eaux d'artifice,78.25,01-04-1964,88
Road to Bali,152.06,22-07-1971,79
"Way of the Dragon, The (a.k.a. Return of the Dragon) (Meng long guo jiang)",178.49,18-05-1978,57
Sightseers,135.88,15-02-1988,97
"Cutting Edge: Going for the Gold, The",152.81,11-04-1998,8
Manon,152.05,13-01-2018,50
FLCL,86.51,05-09-2017,37
Father of the Bride Part II,159.25,30-09-1997,21
High Anxiety,166.42,19-05-1974,94
Portrait of Wally,87.04,13-12-1977,45
La Belle Verte,66.55,15-08-1986,55
True Story,181.82,05-06-2013,42
Decoding the Past: Secrets of the Koran,127.74,13-07-2019,6
Adam Had Four Sons,148.65,10-09-2012,61
Crocodile Dundee in Los Angeles,125.83,16-10-1972,93
Hearts of Darkness: A Filmmakers Apocalypse,82.6,17-01-1979,25
Return to Me,116.7,30-10-2012,52
Journey to Saturn (Rejsen til Saturn),149.93,22-07-2015,65
Red Riding: 1983,120.5,25-12-2011,36
Shiner,177.2,18-10-1992,3
Rabbit à la Berlin (Królik po berlinsku),144.62,16-10-2016,7
Allegheny Uprising,148.61,21-11-1961,59
From Beyond,154.36,05-10-1986,51
Uprising,161.29,14-11-1991,27
Paradise Alley,160.0,05-10-1973,40
Safety Last!,179.46,14-10-1966,83
Imaginary Crimes,111.59,23-10-2022,47
Dancing at Lughnasa,188.9,19-04-1974,38
Days of Grace (Días de gracia),114.42,12-12-2009,19
Murder by Decree,158.38,17-06-1994,9
Broadway,137.29,16-07-2001,53
Son in Law,91.38,18-09-2022,71
Justice League: The Flashpoint Paradox,187.53,25-03-2001,23
"Beau Serge, Le",164.2,13-02-1982,97
Loft,127.43,21-09-2011,1