firstname,lastname
Raddie,Maass
Gregorio,Mallindine
Nita,Adelman
Dorri,Missen
Gil,Harrad
Felicle,Hammand
Dwayne,McQuin
Faustina,Hackett
Yank,Graham
Kimball,Panner
Orville,Sinkins
Farlay,Mordue
Albertina,Chuney
Roderic,Robilliard
Clement,Holt
Annecorinne,Wallbridge
Xylina,Brettle
Rosabella,Clampton
Pierette,Pountney
Pietra,Hakonsson
Merle,Lesurf
Daile,Rugg
Carlina,McCulloch
Sanson,Fotheringham
Christiana,Ivens
Humfried,Palser
Tobit,Tasker
Tamera,Demcik
Bram,Mill
Ricky,Albion
Hugo,Chastenet
Elspeth,Franciotti
Oren,Lawly
Berty,Shurey
Omar,Dell Casa
Gerrie,Crummie
Chadwick,Myhill
Richmound,Libbe
Clair,Yanshin
Laurens,Darville
Victoir,Innett
Nester,Carnoghan
Winifred,Brothwood
Matias,Kike
Lilllie,Kirvell
Dolores,MacGiolla Pheadair
Gal,Blasi
Nathalia,Antonognoli
Shanan,Espadater
Pepito,Baggelley
Justinian,Chamberlayne
Geoffry,Jorg
Sidonia,Neylon
Phillida,Jest
Beatrix,Newby
Vic,Spollen
Tally,Nowland
Edvard,Bezarra
Phebe,Schapiro
Lillis,Tafani
Earle,Donald
Lenci,Senior
Hugues,Cockshot
Theda,Frudd
Marylinda,Lening
Michele,Makeswell
Frayda,Brittles
Sampson,Shorland
Zaneta,Griffin
Elbert,Busse
Hedda,Espinos
Bernadine,Capoun
Guillema,McGinley
Dougy,Pancast
Rosanna,Dudleston
Berkley,Teague
Siffre,Ridding
Clotilda,Hext
Candida,Pettifor
Klarika,Radley
Eziechiele,Argo
Hodge,Ratley
Mallory,Chalcraft
Jacintha,McKague
Aluin,Martelet
Pier,Jenne
Dory,Knath
Ardelis,Jerzyk
Junie,Danielovitch
Mikel,Lilley
Ddene,Stichel
Wilden,Malins
Rufe,Dourin
Joanna,Farrell
Lynna,Bassill
Lyssa,Giametti
Tatum,Krollmann
Aldridge,Chesters
Dael,Yegorev
Dannye,Rathke